"sample_id","glucose_value","glucose_unit","patient_name","dob","sex","enrollment_site","notes"
"S0001","75.4","mg/dL","A. Nguyen",1962-07-09,"F","Site A",
"S0002","120.0","mg/dL","T. Patel",1974-12-16,"M","Site A",
"S0003","84.2","mg/dL","R. Martinez",2053-11-24,"F","Site B",
"S0004","120.0","mg/dL","B. Smith",1975-12-18,"F","Site B",
"S0005","248.1","mg/dL","B. Martinez",1997-12-02,"M","Site A",
"S0007","225.0","mg/dL","T. Martinez",1969-09-04,"U","Site A",
"S0008","192.7","mg/dL","T. Martinez",1997-06-21,"M","Site A",
"S0009","221.5","mg/dL","A. Nguyen",2018-05-11,"F","Site A",
"S0010","215.2","mg/dL","A. Martinez",1951-10-01,"F","Site C ","re-draw requested"
"S0013","224.7","mg/dL","M. Smith",2006-08-14,"U","Site A",
"S0018","84.4","mg/dL","A. Johnson",2002-05-30,"U","Site B","re-draw requested"
"S0019","164.1","mg/dL","M. Martinez",2005-07-26,"U","Site B",
"S0020","249.3","mg/dL","S. Brown",2017-06-15,"M","Site B",
"S0021","187.7","mg/dL","B. Patel",2064-02-26,"M","Site C ",
"S0022","199.2","mg/dL","J. Nguyen",1959-08-09,"M","Site A",
"S0023","184.7","mg/dL","A. Garcia",1974-10-28,"M","Site A",
"S0025","143.1","mg/dL","A. Johnson",1972-05-21,"F","Site C ",
"S0026","202.3","mg/dL","J. Kim",2016-01-30,"U","Site C ",
"S0027","111.0","mg/dL","K. Patel",1991-04-19,"M","Site C ",
"S0028","102.1","mg/dL","S. Johnson",1985-09-19,"M","Site A","re-draw requested"
"S0029","148.5","mg/dL","T. Martinez",2060-05-17,"F","Site C",
"S0030","123.2","mg/dL","R. Garcia",1976-10-19,"U","Site C",
"S0031","211.4","mg/dL","J. Martinez",1986-06-07,"M","Site B",
"S0032","112.3","mg/dL","J. Garcia",2009-07-23,"F","Site C ",
"S0034","91.8","mg/dL","B. Kim",2012-06-07,"M","Site C ",
"S0036","230.7","mg/dL","K. Patel",1956-12-13,"F","Site A",
"S0037","145.6","mg/dL","B. Kim",1998-09-06,"U","Site C ",
"S0040","145.9","mg/dL","M. Brown",2018-04-17,"M","Site C ",
"S0041","221.1","mg/dL","M. Garcia",2008-06-21,"M","Site A",
"S0042","174.2","mg/dL","K. Nguyen",1965-01-20,"M","Site A",
"S0043","223.1","mg/dL","M. Garcia",2006-04-10,"F","Site A",
"S0044","148.0","mg/dL","R. Garcia",1980-08-12,"U","Site A",
"S0045","176.6","mg/dL","S. Martinez",1998-04-13,"U","Site C",
"S0047","169.9","mg/dL","S. Davis",1967-02-21,"F","Site B",
"S0048","155.2","mg/dL","B. Nguyen",2012-01-24,"M","Site A",
"S0049","241.2","mg/dL","S. Nguyen",1960-10-28,"F","Site B",
"S0050","197.4","mg/dL","S. Garcia",1976-07-30,"F","Site A",
"S0051","103.2","mg/dL","J. Brown",2051-06-19,"U","Site A",
"S0052","240.8","mg/dL","K. Garcia",2011-08-02,"M","Site B",
"S0053","80.8","mg/dL","M. Davis",1989-09-20,"U","Site B",
"S0054","176.9","mg/dL","J. Patel",1956-09-25,"M","Site C","re-draw requested"
"S0055","186.6","mg/dL","B. Patel",2006-01-28,"U","Site A",
"S0057","217.9","mg/dL","R. Martinez",1958-03-12,"M","Site C",
"S0058","130.0","mg/dL","S. Lee",1989-02-08,"F","Site B",
"S0059","142.8","mg/dL","T. Davis",1957-11-25,"M","Site C ",
"S0060","93.6","mg/dL","R. Martinez",2006-02-09,"M","Site B",
